Criminal_ID,Locus,Allele
Person_11,Locus_1,17
Person_11,Locus_1,8
Person_11,Locus_2,7
Person_11,Locus_2,8
Person_11,Locus_3,11
Person_11,Locus_3,12
Person_11,Locus_4,8
Person_11,Locus_4,9
Person_11,Locus_5,6
Person_11,Locus_5,15
Person_11,Locus_6,11
Person_11,Locus_6,6
Person_11,Locus_7,19
Person_11,Locus_7,9
Person_11,Locus_8,7
Person_11,Locus_8,17
Person_11,Locus_9,12
Person_11,Locus_9,16
Person_11,Locus_10,12
Person_11,Locus_10,6
Person_11,Locus_11,14
Person_11,Locus_11,9
Person_11,Locus_12,17
Person_11,Locus_12,15
Person_11,Locus_13,17
Person_11,Locus_13,17
Person_11,Locus_14,19
Person_11,Locus_14,9
Person_11,Locus_15,6
Person_11,Locus_15,12
Person_11,Locus_16,15
Person_11,Locus_16,6
Person_12,Locus_1,16
Person_12,Locus_1,12
Person_12,Locus_2,12
Person_12,Locus_2,6
Person_12,Locus_3,17
Person_12,Locus_3,11
Person_12,Locus_4,11
Person_12,Locus_4,5
Person_12,Locus_5,15
Person_12,Locus_5,12
Person_12,Locus_6,13
Person_12,Locus_6,7
Person_12,Locus_7,6
Person_12,Locus_7,5
Person_12,Locus_8,9
Person_12,Locus_8,13
Person_12,Locus_9,18
Person_12,Locus_9,19
Person_12,Locus_10,12
Person_12,Locus_10,19
Person_12,Locus_11,11
Person_12,Locus_11,18
Person_12,Locus_12,13
Person_12,Locus_12,7
Person_12,Locus_13,18
Person_12,Locus_13,6
Person_12,Locus_14,18
Person_12,Locus_14,5
Person_12,Locus_15,18
Person_12,Locus_15,7
Person_12,Locus_16,13
Person_12,Locus_16,17
Person_13,Locus_1,18
Person_13,Locus_1,8
Person_13,Locus_2,8
Person_13,Locus_2,18
Person_13,Locus_3,16
Person_13,Locus_3,12
Person_13,Locus_4,12
Person_13,Locus_4,5
Person_13,Locus_5,18
Person_13,Locus_5,18
Person_13,Locus_6,5
Person_13,Locus_6,16
Person_13,Locus_7,6
Person_13,Locus_7,12
Person_13,Locus_8,15
Person_13,Locus_8,6
Person_13,Locus_9,10
Person_13,Locus_9,15
Person_13,Locus_10,14
Person_13,Locus_10,6
Person_13,Locus_11,11
Person_13,Locus_11,6
Person_13,Locus_12,16
Person_13,Locus_12,9
Person_13,Locus_13,9
Person_13,Locus_13,10
Person_13,Locus_14,13
Person_13,Locus_14,11
Person_13,Locus_15,6
Person_13,Locus_15,14
Person_13,Locus_16,12
Person_13,Locus_16,19
Person_14,Locus_1,15
Person_14,Locus_1,9
Person_14,Locus_2,19
Person_14,Locus_2,17
Person_14,Locus_3,6
Person_14,Locus_3,12
Person_14,Locus_4,16
Person_14,Locus_4,9
Person_14,Locus_5,18
Person_14,Locus_5,12
Person_14,Locus_6,14
Person_14,Locus_6,9
Person_14,Locus_7,9
Person_14,Locus_7,5
Person_14,Locus_8,18
Person_14,Locus_8,19
Person_14,Locus_9,8
Person_14,Locus_9,15
Person_14,Locus_10,15
Person_14,Locus_10,6
Person_14,Locus_11,5
Person_14,Locus_11,14
Person_14,Locus_12,10
Person_14,Locus_12,16
Person_14,Locus_13,17
Person_14,Locus_13,13
Person_14,Locus_14,18
Person_14,Locus_14,7
Person_14,Locus_15,16
Person_14,Locus_15,18
Person_14,Locus_16,7
Person_14,Locus_16,17
Person_15,Locus_1,6
Person_15,Locus_1,17
Person_15,Locus_2,12
Person_15,Locus_2,10
Person_15,Locus_3,18
Person_15,Locus_3,15
Person_15,Locus_4,12
Person_15,Locus_4,5
Person_15,Locus_5,15
Person_15,Locus_5,6
Person_15,Locus_6,15
Person_15,Locus_6,11
Person_15,Locus_7,9
Person_15,Locus_7,12
Person_15,Locus_8,11
Person_15,Locus_8,12
Person_15,Locus_9,19
Person_15,Locus_9,11
Person_15,Locus_10,14
Person_15,Locus_10,11
Person_15,Locus_11,8
Person_15,Locus_11,12
Person_15,Locus_12,6
Person_15,Locus_12,15
Person_15,Locus_13,9
Person_15,Locus_13,8
Person_15,Locus_14,15
Person_15,Locus_14,15
Person_15,Locus_15,8
Person_15,Locus_15,7
Person_15,Locus_16,14
Person_15,Locus_16,8
Person_16,Locus_1,17
Person_16,Locus_1,19
Person_16,Locus_2,7
Person_16,Locus_2,13
Person_16,Locus_3,7
Person_16,Locus_3,5
Person_16,Locus_4,5
Person_16,Locus_4,7
Person_16,Locus_5,13
Person_16,Locus_5,6
Person_16,Locus_6,17
Person_16,Locus_6,10
Person_16,Locus_7,14
Person_16,Locus_7,5
Person_16,Locus_8,5
Person_16,Locus_8,12
Person_16,Locus_9,12
Person_16,Locus_9,16
Person_16,Locus_10,14
Person_16,Locus_10,7
Person_16,Locus_11,11
Person_16,Locus_11,14
Person_16,Locus_12,6
Person_16,Locus_12,17
Person_16,Locus_13,11
Person_16,Locus_13,12
Person_16,Locus_14,11
Person_16,Locus_14,11
Person_16,Locus_15,10
Person_16,Locus_15,15
Person_16,Locus_16,6
Person_16,Locus_16,6
Person_17,Locus_1,6
Person_17,Locus_1,16
Person_17,Locus_2,13
Person_17,Locus_2,5
Person_17,Locus_3,11
Person_17,Locus_3,10
Person_17,Locus_4,9
Person_17,Locus_4,14
Person_17,Locus_5,7
Person_17,Locus_5,15
Person_17,Locus_6,10
Person_17,Locus_6,18
Person_17,Locus_7,14
Person_17,Locus_7,8
Person_17,Locus_8,14
Person_17,Locus_8,19
Person_17,Locus_9,9
Person_17,Locus_9,16
Person_17,Locus_10,5
Person_17,Locus_10,7
Person_17,Locus_11,6
Person_17,Locus_11,7
Person_17,Locus_12,11
Person_17,Locus_12,11
Person_17,Locus_13,9
Person_17,Locus_13,16
Person_17,Locus_14,7
Person_17,Locus_14,17
Person_17,Locus_15,9
Person_17,Locus_15,12
Person_17,Locus_16,11
Person_17,Locus_16,9
Person_18,Locus_1,6
Person_18,Locus_1,9
Person_18,Locus_2,5
Person_18,Locus_2,8
Person_18,Locus_3,9
Person_18,Locus_3,8
Person_18,Locus_4,9
Person_18,Locus_4,10
Person_18,Locus_5,7
Person_18,Locus_5,7
Person_18,Locus_6,6
Person_18,Locus_6,11
Person_18,Locus_7,12
Person_18,Locus_7,19
Person_18,Locus_8,14
Person_18,Locus_8,11
Person_18,Locus_9,11
Person_18,Locus_9,5
Person_18,Locus_10,18
Person_18,Locus_10,16
Person_18,Locus_11,8
Person_18,Locus_11,11
Person_18,Locus_12,11
Person_18,Locus_12,18
Person_18,Locus_13,17
Person_18,Locus_13,7
Person_18,Locus_14,19
Person_18,Locus_14,17
Person_18,Locus_15,8
Person_18,Locus_15,6
Person_18,Locus_16,14
Person_18,Locus_16,7
Person_19,Locus_1,12
Person_19,Locus_1,17
Person_19,Locus_2,18
Person_19,Locus_2,15
Person_19,Locus_3,12
Person_19,Locus_3,12
Person_19,Locus_4,14
Person_19,Locus_4,5
Person_19,Locus_5,12
Person_19,Locus_5,5
Person_19,Locus_6,6
Person_19,Locus_6,15
Person_19,Locus_7,12
Person_19,Locus_7,14
Person_19,Locus_8,10
Person_19,Locus_8,14
Person_19,Locus_9,6
Person_19,Locus_9,17
Person_19,Locus_10,13
Person_19,Locus_10,15
Person_19,Locus_11,12
Person_19,Locus_11,13
Person_19,Locus_12,19
Person_19,Locus_12,9
Person_19,Locus_13,15
Person_19,Locus_13,14
Person_19,Locus_14,6
Person_19,Locus_14,13
Person_19,Locus_15,16
Person_19,Locus_15,18
Person_19,Locus_16,14
Person_19,Locus_16,15
Person_20,Locus_1,7
Person_20,Locus_1,14
Person_20,Locus_2,15
Person_20,Locus_2,17
Person_20,Locus_3,15
Person_20,Locus_3,15
Person_20,Locus_4,9
Person_20,Locus_4,7
Person_20,Locus_5,8
Person_20,Locus_5,8
Person_20,Locus_6,18
Person_20,Locus_6,17
Person_20,Locus_7,19
Person_20,Locus_7,17
Person_20,Locus_8,7
Person_20,Locus_8,7
Person_20,Locus_9,5
Person_20,Locus_9,11
Person_20,Locus_10,17
Person_20,Locus_10,16
Person_20,Locus_11,9
Person_20,Locus_11,17
Person_20,Locus_12,10
Person_20,Locus_12,15
Person_20,Locus_13,17
Person_20,Locus_13,11
Person_20,Locus_14,17
Person_20,Locus_14,14
Person_20,Locus_15,18
Person_20,Locus_15,10
Person_20,Locus_16,9
Person_20,Locus_16,6
Person_21,Locus_1,19
Person_21,Locus_1,13
Person_21,Locus_2,18
Person_21,Locus_2,12
Person_21,Locus_3,11
Person_21,Locus_3,13
Person_21,Locus_4,10
Person_21,Locus_4,8
Person_21,Locus_5,17
Person_21,Locus_5,7
Person_21,Locus_6,16
Person_21,Locus_6,18
Person_21,Locus_7,19
Person_21,Locus_7,6
Person_21,Locus_8,13
Person_21,Locus_8,16
Person_21,Locus_9,8
Person_21,Locus_9,9
Person_21,Locus_10,15
Person_21,Locus_10,17
Person_21,Locus_11,18
Person_21,Locus_11,19
Person_21,Locus_12,16
Person_21,Locus_12,7
Person_21,Locus_13,8
Person_21,Locus_13,14
Person_21,Locus_14,13
Person_21,Locus_14,10
Person_21,Locus_15,5
Person_21,Locus_15,15
Person_21,Locus_16,10
Person_21,Locus_16,17
Person_22,Locus_1,17
Person_22,Locus_1,14
Person_22,Locus_2,10
Person_22,Locus_2,13
Person_22,Locus_3,16
Person_22,Locus_3,12
Person_22,Locus_4,6
Person_22,Locus_4,16
Person_22,Locus_5,8
Person_22,Locus_5,5
Person_22,Locus_6,19
Person_22,Locus_6,9
Person_22,Locus_7,9
Person_22,Locus_7,5
Person_22,Locus_8,18
Person_22,Locus_8,17
Person_22,Locus_9,17
Person_22,Locus_9,10
Person_22,Locus_10,19
Person_22,Locus_10,11
Person_22,Locus_11,10
Person_22,Locus_11,19
Person_22,Locus_12,16
Person_22,Locus_12,11
Person_22,Locus_13,13
Person_22,Locus_13,9
Person_22,Locus_14,15
Person_22,Locus_14,9
Person_22,Locus_15,7
Person_22,Locus_15,16
Person_22,Locus_16,16
Person_22,Locus_16,18
Person_23,Locus_1,6
Person_23,Locus_1,15
Person_23,Locus_2,5
Person_23,Locus_2,7
Person_23,Locus_3,6
Person_23,Locus_3,8
Person_23,Locus_4,14
Person_23,Locus_4,5
Person_23,Locus_5,10
Person_23,Locus_5,10
Person_23,Locus_6,13
Person_23,Locus_6,10
Person_23,Locus_7,8
Person_23,Locus_7,6
Person_23,Locus_8,19
Person_23,Locus_8,13
Person_23,Locus_9,16
Person_23,Locus_9,12
Person_23,Locus_10,8
Person_23,Locus_10,6
Person_23,Locus_11,19
Person_23,Locus_11,16
Person_23,Locus_12,15
Person_23,Locus_12,10
Person_23,Locus_13,19
Person_23,Locus_13,9
Person_23,Locus_14,17
Person_23,Locus_14,10
Person_23,Locus_15,17
Person_23,Locus_15,7
Person_23,Locus_16,13
Person_23,Locus_16,14
Person_24,Locus_1,14
Person_24,Locus_1,19
Person_24,Locus_2,16
Person_24,Locus_2,16
Person_24,Locus_3,18
Person_24,Locus_3,14
Person_24,Locus_4,12
Person_24,Locus_4,12
Person_24,Locus_5,17
Person_24,Locus_5,7
Person_24,Locus_6,13
Person_24,Locus_6,7
Person_24,Locus_7,19
Person_24,Locus_7,16
Person_24,Locus_8,18
Person_24,Locus_8,6
Person_24,Locus_9,7
Person_24,Locus_9,15
Person_24,Locus_10,14
Person_24,Locus_10,14
Person_24,Locus_11,18
Person_24,Locus_11,19
Person_24,Locus_12,6
Person_24,Locus_12,5
Person_24,Locus_13,17
Person_24,Locus_13,14
Person_24,Locus_14,15
Person_24,Locus_14,9
Person_24,Locus_15,9
Person_24,Locus_15,12
Person_24,Locus_16,11
Person_24,Locus_16,12
Person_25,Locus_1,10
Person_25,Locus_1,18
Person_25,Locus_2,11
Person_25,Locus_2,7
Person_25,Locus_3,10
Person_25,Locus_3,8
Person_25,Locus_4,8
Person_25,Locus_4,7
Person_25,Locus_5,18
Person_25,Locus_5,14
Person_25,Locus_6,18
Person_25,Locus_6,10
Person_25,Locus_7,12
Person_25,Locus_7,13
Person_25,Locus_8,12
Person_25,Locus_8,5
Person_25,Locus_9,8
Person_25,Locus_9,8
Person_25,Locus_10,9
Person_25,Locus_10,12
Person_25,Locus_11,18
Person_25,Locus_11,6
Person_25,Locus_12,17
Person_25,Locus_12,11
Person_25,Locus_13,14
Person_25,Locus_13,13
Person_25,Locus_14,6
Person_25,Locus_14,11
Person_25,Locus_15,18
Person_25,Locus_15,14
Person_25,Locus_16,11
Person_25,Locus_16,10
