Locus,Allele,Peak_Height,Dye_Channel,Label
Locus_1,15,251,3,Allele
Locus_1,6,701,2,Allele
Locus_2,7,409,1,Noise
Locus_2,16,1409,4,Noise
Locus_3,5,391,2,Noise
Locus_3,5,676,1,Allele
Locus_4,13,1666,4,Allele
Locus_4,8,651,4,Allele
Locus_5,14,1857,1,Allele
Locus_5,9,1754,2,Allele
Locus_6,16,896,3,Allele
Locus_6,11,518,2,Allele
Locus_7,17,409,1,Allele
Locus_7,10,978,1,Noise
Locus_8,10,904,3,Allele
Locus_8,18,1852,1,Allele
Locus_9,16,1298,1,Noise
Locus_9,12,975,1,Allele
Locus_10,13,1898,3,Allele
Locus_10,9,1382,2,Allele
Locus_11,16,293,2,Allele
Locus_11,6,1783,3,Allele
Locus_12,6,676,1,Noise
Locus_12,18,978,3,Allele
Locus_13,12,1908,3,Allele
Locus_13,15,533,3,Allele
Locus_14,10,1572,3,Noise
Locus_14,8,1637,1,Allele
Locus_15,14,550,2,Allele
Locus_15,15,534,4,Noise
Locus_16,11,1510,2,Allele
Locus_16,9,1602,3,Allele
Locus_1,18,1789,1,Allele
Locus_1,17,669,1,Allele
Locus_2,17,1021,3,Allele
Locus_2,10,335,2,Allele
Locus_3,19,1994,3,Allele
Locus_3,14,635,4,Allele
Locus_4,11,1516,4,Allele
Locus_4,19,492,3,Noise
Locus_5,7,1725,3,Allele
Locus_5,8,1729,4,Allele
Locus_6,19,1017,3,Noise
Locus_6,14,649,2,Noise
Locus_7,13,386,1,Allele
Locus_7,12,1963,1,Allele
Locus_8,7,527,4,Allele
Locus_8,15,1421,1,Allele
Locus_9,11,1420,4,Noise
Locus_9,11,1283,3,Noise
Locus_10,13,223,1,Allele
Locus_10,18,1596,3,Allele
Locus_11,17,896,1,Allele
Locus_11,15,801,4,Allele
Locus_12,7,206,3,Allele
Locus_12,12,1225,2,Allele
Locus_13,13,417,3,Allele
Locus_13,19,1923,2,Noise
Locus_14,7,1761,2,Allele
Locus_14,10,1304,1,Allele
Locus_15,14,1200,1,Allele
Locus_15,10,429,3,Allele
Locus_16,19,1852,3,Noise
Locus_16,18,690,1,Allele
Locus_1,8,1361,1,Noise
Locus_1,19,375,4,Allele
Locus_2,18,1757,2,Allele
Locus_2,6,462,4,Noise
Locus_3,13,742,4,Allele
Locus_3,7,633,2,Allele
Locus_4,16,1017,3,Allele
Locus_4,9,1097,4,Allele
Locus_5,6,660,1,Noise
Locus_5,8,892,1,Allele
Locus_6,14,671,2,Allele
Locus_6,13,214,1,Allele
Locus_7,16,320,2,Allele
Locus_7,15,338,1,Allele
Locus_8,18,345,2,Noise
Locus_8,10,770,4,Allele
Locus_9,8,470,4,Allele
Locus_9,13,697,4,Allele
Locus_10,17,589,1,Allele
Locus_10,11,398,4,Allele
Locus_11,10,1041,4,Noise
Locus_11,11,1969,1,Allele
Locus_12,15,1523,1,Noise
Locus_12,15,324,4,Allele
Locus_13,16,1839,1,Allele
Locus_13,10,709,2,Allele
Locus_14,8,1118,2,Noise
Locus_14,13,1064,2,Allele
Locus_15,9,711,1,Allele
Locus_15,12,1107,1,Noise
Locus_16,5,1307,1,Allele
Locus_16,15,391,2,Allele
Locus_1,7,1194,4,Allele
Locus_1,11,637,4,Allele
Locus_2,19,537,4,Allele
Locus_2,5,204,4,Allele
Locus_3,9,1805,4,Allele
Locus_3,19,784,4,Allele
Locus_4,16,1804,4,Allele
Locus_4,16,517,2,Allele
Locus_5,9,319,1,Noise
Locus_5,8,1731,3,Allele
Locus_6,5,1396,4,Allele
Locus_6,5,1229,2,Noise
Locus_7,5,364,2,Allele
Locus_7,13,340,1,Allele
Locus_8,15,681,4,Allele
Locus_8,18,445,2,Allele
Locus_9,14,281,1,Allele
Locus_9,14,1058,3,Allele
Locus_10,19,618,3,Allele
Locus_10,9,688,3,Allele
Locus_11,11,1575,3,Noise
Locus_11,7,1136,3,Allele
Locus_12,19,348,1,Allele
Locus_12,17,1138,1,Allele
Locus_13,6,636,3,Allele
Locus_13,13,471,3,Allele
Locus_14,19,2000,2,Noise
Locus_14,6,956,3,Noise
Locus_15,7,1907,3,Allele
Locus_15,12,1452,1,Allele
Locus_16,15,1335,3,Allele
Locus_16,18,1558,1,Noise
Locus_1,19,741,1,Noise
Locus_1,7,419,2,Allele
Locus_2,9,1438,2,Allele
Locus_2,9,1669,3,Noise
Locus_3,8,1498,3,Allele
Locus_3,15,1235,4,Allele
Locus_4,9,1932,1,Allele
Locus_4,19,389,4,Noise
Locus_5,18,290,1,Noise
Locus_5,9,883,2,Allele
Locus_6,15,530,4,Allele
Locus_6,9,1329,4,Allele
Locus_7,13,429,1,Noise
Locus_7,5,1615,2,Noise
Locus_8,13,1909,3,Allele
Locus_8,5,1392,2,Allele
Locus_9,11,285,3,Allele
Locus_9,7,946,1,Allele
Locus_10,19,630,2,Noise
Locus_10,10,1565,1,Noise
Locus_11,10,1346,4,Allele
Locus_11,17,1471,2,Allele
Locus_12,19,684,2,Allele
Locus_12,19,1838,2,Allele
Locus_13,19,250,2,Allele
Locus_13,11,1708,3,Noise
Locus_14,17,1043,2,Allele
Locus_14,19,746,2,Allele
Locus_15,17,421,4,Allele
Locus_15,16,1986,1,Allele
Locus_16,18,655,2,Allele
Locus_16,12,1872,4,Allele
Locus_1,10,1880,2,Allele
Locus_1,9,656,1,Noise
Locus_2,15,1016,3,Allele
Locus_2,8,770,1,Noise
Locus_3,17,919,4,Allele
Locus_3,9,1591,3,Allele
Locus_4,5,1996,3,Allele
Locus_4,6,565,3,Allele
Locus_5,5,1421,4,Allele
Locus_5,6,907,3,Noise
Locus_6,11,1247,1,Allele
Locus_6,14,988,2,Noise
Locus_7,9,1651,4,Allele
Locus_7,5,203,2,Noise
Locus_8,10,343,3,Noise
Locus_8,11,1476,3,Allele
Locus_9,15,455,3,Allele
Locus_9,18,1238,3,Allele
Locus_10,15,868,4,Allele
Locus_10,11,1627,3,Allele
Locus_11,13,592,4,Noise
Locus_11,7,1561,4,Allele
Locus_12,15,556,3,Allele
Locus_12,16,1031,1,Noise
Locus_13,9,630,4,Allele
Locus_13,9,1809,3,Allele
Locus_14,12,1105,2,Allele
Locus_14,12,1246,4,Allele
Locus_15,17,1830,2,Allele
Locus_15,19,1549,1,Allele
Locus_16,9,1559,3,Noise
Locus_16,13,391,2,Noise
Locus_1,15,660,2,Allele
Locus_1,9,501,1,Allele
Locus_2,5,1173,1,Noise
Locus_2,8,1132,4,Noise
Locus_3,19,1378,2,Noise
Locus_3,15,1671,4,Allele
Locus_4,12,699,2,Allele
Locus_4,11,1543,1,Allele
Locus_5,19,1962,1,Allele
Locus_5,17,1794,4,Allele
Locus_6,8,1846,4,Noise
Locus_6,7,302,2,Allele
Locus_7,19,448,4,Allele
Locus_7,18,473,4,Allele
Locus_8,15,1344,3,Allele
Locus_8,13,1746,4,Allele
Locus_9,14,1673,4,Allele
Locus_9,18,1901,4,Allele
Locus_10,19,1723,4,Noise
Locus_10,7,1121,3,Allele
Locus_11,17,1920,3,Allele
Locus_11,8,1768,4,Allele
Locus_12,15,762,4,Noise
Locus_12,8,358,3,Allele
Locus_13,8,887,3,Allele
Locus_13,9,1306,1,Allele
Locus_14,7,673,4,Allele
Locus_14,7,1621,2,Allele
Locus_15,16,331,4,Allele
Locus_15,8,1034,3,Allele
Locus_16,13,1051,1,Allele
Locus_16,12,623,4,Allele
Locus_1,11,1776,1,Noise
Locus_1,19,1954,4,Allele
Locus_2,12,920,3,Allele
Locus_2,5,1743,4,Allele
Locus_3,18,1911,4,Allele
Locus_3,19,1302,2,Noise
Locus_4,12,758,4,Allele
Locus_4,8,1194,1,Allele
Locus_5,11,1569,4,Noise
Locus_5,10,1683,2,Allele
Locus_6,18,461,1,Allele
Locus_6,12,1006,1,Noise
Locus_7,6,1077,2,Allele
Locus_7,15,1975,4,Allele
Locus_8,7,732,4,Allele
Locus_8,5,870,2,Allele
Locus_9,12,891,4,Allele
Locus_9,10,769,4,Allele
Locus_10,9,367,4,Allele
Locus_10,18,239,1,Allele
Locus_11,10,1531,1,Allele
Locus_11,8,1799,1,Noise
Locus_12,17,706,2,Allele
Locus_12,5,1918,1,Allele
Locus_13,14,688,2,Allele
Locus_13,7,1169,1,Allele
Locus_14,14,1152,3,Allele
Locus_14,8,1770,3,Allele
Locus_15,7,1443,1,Allele
Locus_15,14,1792,2,Allele
Locus_16,9,1385,1,Allele
Locus_16,6,838,4,Allele
Locus_1,11,606,1,Allele
Locus_1,16,1412,2,Allele
Locus_2,6,1782,3,Noise
Locus_2,16,1941,1,Noise
Locus_3,17,1802,1,Allele
Locus_3,14,911,4,Allele
Locus_4,15,341,3,Noise
Locus_4,10,225,4,Allele
Locus_5,18,416,4,Allele
Locus_5,12,941,4,Allele
Locus_6,16,1091,2,Allele
Locus_6,7,1702,3,Allele
Locus_7,14,1302,4,Noise
Locus_7,17,1152,4,Noise
Locus_8,18,1413,3,Allele
Locus_8,16,860,2,Allele
Locus_9,18,377,3,Allele
Locus_9,19,1123,2,Allele
Locus_10,17,1367,4,Allele
Locus_10,12,888,1,Allele
Locus_11,12,865,2,Allele
Locus_11,18,1198,2,Allele
Locus_12,10,729,3,Noise
Locus_12,17,772,3,Allele
Locus_13,13,1258,2,Allele
Locus_13,5,375,2,Allele
Locus_14,16,1200,2,Noise
Locus_14,11,1614,4,Allele
Locus_15,15,1205,4,Allele
Locus_15,16,1823,1,Allele
Locus_16,6,653,4,Allele
Locus_16,9,1616,2,Allele
Locus_1,9,1391,3,Allele
Locus_1,15,1169,3,Allele
Locus_2,11,1327,3,Allele
Locus_2,16,920,4,Noise
Locus_3,9,714,2,Noise
Locus_3,9,447,2,Allele
Locus_4,10,1721,2,Noise
Locus_4,6,592,2,Allele
Locus_5,16,766,3,Noise
Locus_5,12,405,2,Allele
Locus_6,9,939,2,Allele
Locus_6,8,819,1,Allele
Locus_7,16,459,3,Allele
Locus_7,13,293,1,Allele
Locus_8,13,1628,2,Noise
Locus_8,9,1506,4,Noise
Locus_9,6,225,3,Noise
Locus_9,18,1161,4,Allele
Locus_10,12,577,1,Allele
Locus_10,10,717,4,Noise
Locus_11,6,333,4,Allele
Locus_11,18,1207,1,Allele
Locus_12,14,1605,1,Allele
Locus_12,15,510,2,Noise
Locus_13,17,822,1,Allele
Locus_13,14,708,1,Allele
Locus_14,13,1052,2,Allele
Locus_14,17,1788,4,Allele
Locus_15,12,1106,3,Noise
Locus_15,19,1961,4,Allele
Locus_16,9,1471,1,Allele
Locus_16,14,1448,1,Allele
Locus_1,17,1481,2,Allele
Locus_1,8,741,1,Allele
Locus_2,7,555,1,Noise
Locus_2,8,520,1,Allele
Locus_3,11,1611,4,Allele
Locus_3,12,796,1,Allele
Locus_4,8,1647,3,Allele
Locus_4,9,1639,4,Allele
Locus_5,6,678,3,Allele
Locus_5,15,1813,2,Noise
Locus_6,11,1315,2,Allele
Locus_6,6,1526,2,Allele
Locus_7,19,1892,2,Allele
Locus_7,9,346,1,Allele
Locus_8,7,829,3,Allele
Locus_8,17,1099,1,Allele
Locus_9,12,822,4,Allele
Locus_9,16,757,4,Allele
Locus_10,12,1424,1,Allele
Locus_10,6,1084,3,Allele
Locus_11,14,252,1,Allele
Locus_11,9,668,1,Allele
Locus_12,17,1882,3,Allele
Locus_12,15,1380,1,Allele
Locus_13,17,558,4,Allele
Locus_13,17,1262,4,Allele
Locus_14,19,571,4,Allele
Locus_14,9,1500,4,Allele
Locus_15,6,912,4,Allele
Locus_15,12,882,3,Allele
Locus_16,15,1956,2,Allele
Locus_16,6,875,4,Allele
Locus_1,16,790,4,Allele
Locus_1,12,1866,1,Allele
Locus_2,12,844,3,Allele
Locus_2,6,862,1,Allele
Locus_3,17,1971,1,Allele
Locus_3,11,1546,4,Allele
Locus_4,11,584,3,Noise
Locus_4,5,1475,4,Allele
Locus_5,15,1756,1,Allele
Locus_5,12,616,3,Noise
Locus_6,13,789,4,Allele
Locus_6,7,1630,4,Allele
Locus_7,6,1490,2,Allele
Locus_7,5,1653,2,Allele
Locus_8,9,228,4,Noise
Locus_8,13,390,2,Allele
Locus_9,18,432,4,Allele
Locus_9,19,440,2,Allele
Locus_10,12,1667,3,Allele
Locus_10,19,1242,3,Allele
Locus_11,11,1188,4,Allele
Locus_11,18,699,4,Allele
Locus_12,13,985,2,Allele
Locus_12,7,1427,2,Allele
Locus_13,18,765,4,Noise
Locus_13,6,896,3,Allele
Locus_14,18,779,3,Allele
Locus_14,5,1915,4,Allele
Locus_15,18,1114,4,Allele
Locus_15,7,906,3,Allele
Locus_16,13,1312,4,Allele
Locus_16,17,1132,3,Allele
Locus_1,18,1628,2,Allele
Locus_1,8,1371,4,Allele
Locus_2,8,1788,4,Allele
Locus_2,18,289,3,Allele
Locus_3,16,1644,4,Allele
Locus_3,12,990,2,Allele
Locus_4,12,458,3,Allele
Locus_4,5,1981,1,Allele
Locus_5,18,1101,1,Noise
Locus_5,18,1277,4,Allele
Locus_6,5,495,4,Allele
Locus_6,16,1983,2,Allele
Locus_7,6,1800,3,Allele
Locus_7,12,893,4,Noise
Locus_8,15,1944,3,Allele
Locus_8,6,1945,4,Allele
Locus_9,10,1671,4,Allele
Locus_9,15,1986,1,Allele
Locus_10,14,680,3,Noise
Locus_10,6,665,1,Allele
Locus_11,11,1757,1,Noise
Locus_11,6,1108,2,Allele
Locus_12,16,259,1,Allele
Locus_12,9,864,1,Allele
Locus_13,9,967,4,Allele
Locus_13,10,498,2,Allele
Locus_14,13,1359,2,Allele
Locus_14,11,548,2,Allele
Locus_15,6,1983,4,Allele
Locus_15,14,1469,2,Allele
Locus_16,12,1394,2,Allele
Locus_16,19,675,4,Noise
Locus_1,15,1141,3,Noise
Locus_1,9,1565,1,Allele
Locus_2,19,1152,3,Allele
Locus_2,17,1587,2,Allele
Locus_3,6,907,3,Allele
Locus_3,12,1508,4,Allele
Locus_4,16,1135,3,Allele
Locus_4,9,607,4,Noise
Locus_5,18,418,2,Allele
Locus_5,12,981,3,Allele
Locus_6,14,1632,3,Allele
Locus_6,9,244,4,Allele
Locus_7,9,1359,1,Allele
Locus_7,5,1441,4,Allele
Locus_8,18,786,2,Allele
Locus_8,19,1443,3,Allele
Locus_9,8,589,3,Allele
Locus_9,15,1588,2,Allele
Locus_10,15,1485,1,Allele
Locus_10,6,832,4,Allele
Locus_11,5,947,2,Allele
Locus_11,14,384,3,Noise
Locus_12,10,1050,2,Noise
Locus_12,16,611,2,Allele
Locus_13,17,1994,3,Allele
Locus_13,13,1287,3,Allele
Locus_14,18,726,4,Allele
Locus_14,7,1851,3,Allele
Locus_15,16,893,1,Allele
Locus_15,18,1159,1,Allele
Locus_16,7,662,4,Allele
Locus_16,17,1932,3,Allele
Locus_1,6,1008,1,Noise
Locus_1,17,741,1,Allele
Locus_2,12,1577,3,Allele
Locus_2,10,1397,4,Allele
Locus_3,18,960,1,Allele
Locus_3,15,1582,2,Noise
Locus_4,12,1468,3,Allele
Locus_4,5,1449,2,Allele
Locus_5,15,1501,4,Allele
Locus_5,6,1635,3,Noise
Locus_6,15,438,2,Allele
Locus_6,11,292,1,Allele
Locus_7,9,437,1,Allele
Locus_7,12,680,2,Allele
Locus_8,11,959,4,Noise
Locus_8,12,1402,2,Allele
Locus_9,19,1541,1,Allele
Locus_9,11,1907,4,Allele
Locus_10,14,772,1,Noise
Locus_10,11,1613,3,Allele
Locus_11,8,1110,2,Allele
Locus_11,12,1951,3,Allele
Locus_12,6,952,3,Allele
Locus_12,15,324,4,Allele
Locus_13,9,450,4,Allele
Locus_13,8,387,2,Allele
Locus_14,15,1422,1,Allele
Locus_14,15,303,3,Allele
Locus_15,8,1811,2,Allele
Locus_15,7,340,2,Allele
Locus_16,14,1865,2,Allele
Locus_16,8,872,2,Allele
